Categorie	Startup	Tier	Region	Titre du poste	Lien offre	Tech startup	Site startup
Autre	Flex.ai	A	Île-de-France	Nemotron	https://www.flex.ai/models/nemotron	+2 tensorflow, +2 fine-tuning, +2 GPU, +2 inference	https://www.flex.ai/
Autre	Flex.ai	A	Île-de-France	Compare	https://www.flex.ai/compare	+2 tensorflow, +2 fine-tuning, +2 GPU, +2 inference	https://www.flex.ai/
Autre	Flex.ai	A	Île-de-France	Sign Up	https://platform.flex.ai/signup	+2 tensorflow, +2 fine-tuning, +2 GPU, +2 inference	https://www.flex.ai/
Autre	Flex.ai	A	Île-de-France	Compare	https://www.flex.ai/compare	+2 tensorflow, +2 fine-tuning, +2 GPU, +2 inference	https://www.flex.ai/
Autre	tchek	A	Provence-Alpes-Côte d'Azur	Spontaneous application	https://www.tchek.ai/company/career#spontaneous-application	+2 deep learning, +2 computer vision, +2 edge AI	https://www.tchek.ai/
Autre	Lucky cart	A	Île-de-France	Trouver un job	https://www.welcometothejungle.com/fr/authenticate/signup	+2 machine learning, +2 data science, +2 data scientist, +2 dataset, +2 transformer	www.luckycart.com/
Autre	Pop Sink	B	Hauts-de-France	Support	https://www.popsink.com/support	+2 machine learning, +2 PhD, +2 dataset, +2 open-source	www.popsink.com/
Autre	Welcome to the Jungle	A	Île-de-France	Trouver un job	https://www.welcometothejungle.com/fr/authenticate/signup?redirect=%2Ffr%2Fjobs-matches	+2 machine learning, +2 data science, +2 GPU, +2 PhD, +2 transformer, +2 open-source	https://www.welcometothejungle.com/fr
Autre	Welcome to the Jungle	A	Île-de-France	Découvrir mes matchs	https://www.welcometothejungle.com/fr/authenticate/signup?redirect=%2Ffr%2Fjobs-matches	+2 machine learning, +2 data science, +2 GPU, +2 PhD, +2 transformer, +2 open-source	https://www.welcometothejungle.com/fr
Autre	Alteia	B	Occitanie	Spontaneous application ↘︎	https://careers.alteia.com/connect/login	+2 computer vision, +2 machine learning, +2 dataset	https://alteia.com/
IA / ML / Data Science	Alteia	B	Occitanie	Software Engineer – 3D Computer Vision & Geospatial DataEngineering·Toulouse·Hybrid	https://careers.alteia.com/jobs/8231402-software-engineer-3d-computer-vision-geospatial-data	+2 computer vision, +2 machine learning, +2 dataset	https://alteia.com/
Product / Design	Alteia	B	Occitanie	Product Owner - Transverse Components & 3DProduct·Toulouse·Hybrid	https://careers.alteia.com/jobs/7541820-product-owner-transverse-components-3d	+2 computer vision, +2 machine learning, +2 dataset	https://alteia.com/
Dev / Engineering	Alteia	B	Occitanie	Tech Lead BackendEngineering·Toulouse·Hybrid	https://careers.alteia.com/jobs/7403606-tech-lead-backend	+2 computer vision, +2 machine learning, +2 dataset	https://alteia.com/
Product / Design	Alteia	B	Occitanie	Product Manager - Electric network designProduct·Paris, Toulouse	https://careers.alteia.com/jobs/6839328-product-manager-electric-network-design	+2 computer vision, +2 machine learning, +2 dataset	https://alteia.com/
Product / Design	Alteia	B	Occitanie	Product Manager - Structural analysis and engineeringProduct·Paris, Toulouse·Hybrid	https://careers.alteia.com/jobs/6839112-product-manager-structural-analysis-and-engineering	+2 computer vision, +2 machine learning, +2 dataset	https://alteia.com/
Ops / Infra / QA	Alteia	B	Occitanie	Senior QA EngineerProduct·Toulouse·Hybrid	https://careers.alteia.com/jobs/6639246-senior-qa-engineer	+2 computer vision, +2 machine learning, +2 dataset	https://alteia.com/
Dev / Engineering	Alteia	B	Occitanie	Full Stack Software EngineerEngineering·Toulouse·Hybrid	https://careers.alteia.com/jobs/6639217-full-stack-software-engineer	+2 computer vision, +2 machine learning, +2 dataset	https://alteia.com/
Data	Alteia	B	Occitanie	Data EngineerEngineering·Toulouse·Hybrid	https://careers.alteia.com/jobs/6639187-data-engineer	+2 computer vision, +2 machine learning, +2 dataset	https://alteia.com/
Dev / Engineering	Alteia	B	Occitanie	Backend DeveloperEngineering·Toulouse·Temporarily Remote	https://careers.alteia.com/jobs/6484629-backend-developer	+2 computer vision, +2 machine learning, +2 dataset	https://alteia.com/
Data	Adaptive ML	B	Île-de-France	business intelligence	https://www.adaptive-ml.com/use-case/text-to-sql	+2 reinforcement learning, +2 fine-tuning, +2 annotation, +2 inference	https://www.adaptive-ml.com/
Autre	Adaptive ML	B	Île-de-France	customer support	https://www.adaptive-ml.com/use-case/customer-support	+2 reinforcement learning, +2 fine-tuning, +2 annotation, +2 inference	https://www.adaptive-ml.com/
Autre	SKYLD	A	Bretagne	Review Subscription	https://www.odoo.com/odoo-enterprise/upgrade-online/2e2e9573-48d6-4ba6-ac6c-0cea05413e58	+2 deep learning, +2 neural network, +2 machine learning, +2 GPU, +2 PhD, +2 edge AI	https://www.skyld.io/
Autre	SKYLD	A	Bretagne	Contact us!	https://www.odoo.com/help	+2 deep learning, +2 neural network, +2 machine learning, +2 GPU, +2 PhD, +2 edge AI	https://www.skyld.io/
Autre	XXII	A	Île-de-France	Trouver un job	https://www.welcometothejungle.com/fr/authenticate/signup	+2 computer vision, +2 vision par ordinateur, +2 computer-vision, +2 dataset, +2 transformer	www.xxiiai.com
Autre	Alta Ares	A	Île-de-France	Spontaneous ApplicationAll officesApply Now	https://jobs.ashbyhq.com/alta-ares/2294bf4e-747a-4992-881d-6d66d39957c6	+2 annotation, +2 labeling, +2 dataset, +2 edge AI, +2 R&D	http://altaares.com
Management / Leadership	Alta Ares	A	Île-de-France	Export Control & Compliance DirectorParis, FranceApply Now	https://jobs.ashbyhq.com/alta-ares/9403f1e4-ffc0-427c-9171-d02ba63336a2	+2 annotation, +2 labeling, +2 dataset, +2 edge AI, +2 R&D	http://altaares.com
Dev / Engineering	Alta Ares	A	Île-de-France	Embedded Software Engineer / Robotics EngineerToulouse, FranceApply Now	https://jobs.ashbyhq.com/alta-ares/afaf5c25-1280-4a9a-bffb-5573c5aaca0f	+2 annotation, +2 labeling, +2 dataset, +2 edge AI, +2 R&D	http://altaares.com
Autre	Alta Ares	A	Île-de-France	Spontaneous ApplicationAll officesApply Now	https://jobs.ashbyhq.com/alta-ares/2294bf4e-747a-4992-881d-6d66d39957c6	+2 annotation, +2 labeling, +2 dataset, +2 edge AI, +2 R&D	http://altaares.com
Management / Leadership	Alta Ares	A	Île-de-France	Export Control & Compliance DirectorParis, FranceApply Now	https://jobs.ashbyhq.com/alta-ares/9403f1e4-ffc0-427c-9171-d02ba63336a2	+2 annotation, +2 labeling, +2 dataset, +2 edge AI, +2 R&D	http://altaares.com
IA / ML / Data Science	Scortex	B	Île-de-France	MLOps EngineerFull-TimeParis	https://scortex.welcomekit.co/jobs/ml-devops-engineer_paris	+2 deep learning, +2 GPU, +2 dataset	http://scortex.io/
Autre	Scortex	B	Île-de-France	Spontaneous Application	https://scortex.welcomekit.co/jobs/candidatures-spontanees	+2 deep learning, +2 GPU, +2 dataset	http://scortex.io/
Product / Design	Neuralk-AI	B	Île-de-France	Product	https://www.neuralk-ai.com/product	+2 data science, +2 dataset, +2 embedding, +2 open-source	www.neuralk-ai.com
IA / ML / Data Science	Neuralk-AI	B	Île-de-France	Research	https://www.neuralk-ai.com/research	+2 data science, +2 dataset, +2 embedding, +2 open-source	www.neuralk-ai.com
Autre	Neuralk-AI	B	Île-de-France	Solutions	https://www.neuralk-ai.com/solutions	+2 data science, +2 dataset, +2 embedding, +2 open-source	www.neuralk-ai.com
Autre	Neuralk-AI	B	Île-de-France	Documentation	https://www.neuralk-ai.com/integration-guides	+2 data science, +2 dataset, +2 embedding, +2 open-source	www.neuralk-ai.com
Autre	Neuralk-AI	B	Île-de-France	Benchmarks	https://dashboard.neuralk-ai.com/	+2 data science, +2 dataset, +2 embedding, +2 open-source	www.neuralk-ai.com
Autre	Neuralk-AI	B	Île-de-France	Pricing	https://www.neuralk-ai.com/pricing	+2 data science, +2 dataset, +2 embedding, +2 open-source	www.neuralk-ai.com
Autre	Neuralk-AI	B	Île-de-France	Tabular Talks	https://www.neuralk-ai.com/tabular-talks	+2 data science, +2 dataset, +2 embedding, +2 open-source	www.neuralk-ai.com
Autre	Neuralk-AI	B	Île-de-France	Careers	https://www.neuralk-ai.com/careers	+2 data science, +2 dataset, +2 embedding, +2 open-source	www.neuralk-ai.com
Autre	Neuralk-AI	B	Île-de-France	Contact	https://www.neuralk-ai.com/contact	+2 data science, +2 dataset, +2 embedding, +2 open-source	www.neuralk-ai.com
Autre	Neuralk-AI	B	Île-de-France	AI ScientistFull TimeOpenParis / LondonApply	https://www.neuralk-ai.com/job-posting/ai-scientist	+2 data science, +2 dataset, +2 embedding, +2 open-source	www.neuralk-ai.com
Dev / Engineering	Neuralk-AI	B	Île-de-France	Forward Deployed EngineerFull TimeOpenParis / LondonApply	https://www.neuralk-ai.com/job-posting/forward-deployed-engineer	+2 data science, +2 dataset, +2 embedding, +2 open-source	www.neuralk-ai.com
IA / ML / Data Science	Neuralk-AI	B	Île-de-France	Machine Learning EngineerFull TimeOpenParis / LondonApply	https://www.neuralk-ai.com/job-posting/machine-learning-engineer	+2 data science, +2 dataset, +2 embedding, +2 open-source	www.neuralk-ai.com
Product / Design	Neuralk-AI	B	Île-de-France	Product DesignerFull TimeOpening SoonParis / LondonApply	https://www.neuralk-ai.com/job-posting/product-designer	+2 data science, +2 dataset, +2 embedding, +2 open-source	www.neuralk-ai.com
IA / ML / Data Science	Neuralk-AI	B	Île-de-France	Research EngineerFull TimeOpenParis / LondonApply	https://www.neuralk-ai.com/job-posting/research-engineer	+2 data science, +2 dataset, +2 embedding, +2 open-source	www.neuralk-ai.com
Sales / Business	Neuralk-AI	B	Île-de-France	Senior Account ExecutiveFull TimeOpenParis / LondonApply	https://www.neuralk-ai.com/job-posting/account-executive	+2 data science, +2 dataset, +2 embedding, +2 open-source	www.neuralk-ai.com
RH / People	Neuralk-AI	B	Île-de-France	Talent Acquisition PartnerFull Time (CDI or freelance)OpenParis / LondonApply	https://www.neuralk-ai.com/job-posting/talent-acquisition-partner	+2 data science, +2 dataset, +2 embedding, +2 open-source	www.neuralk-ai.com
Dev / Engineering	Neuralk-AI	B	Île-de-France	Business Development InternInternshipMar-26Paris / LondonApply	https://www.neuralk-ai.com/job-posting/business-development-intern	+2 data science, +2 dataset, +2 embedding, +2 open-source	www.neuralk-ai.com
Autre	Neuralk-AI	B	Île-de-France	Solutions	https://www.neuralk-ai.com/solutions	+2 data science, +2 dataset, +2 embedding, +2 open-source	www.neuralk-ai.com
Product / Design	Neuralk-AI	B	Île-de-France	Product	https://www.neuralk-ai.com/product	+2 data science, +2 dataset, +2 embedding, +2 open-source	www.neuralk-ai.com
IA / ML / Data Science	Neuralk-AI	B	Île-de-France	Research	https://www.neuralk-ai.com/research	+2 data science, +2 dataset, +2 embedding, +2 open-source	www.neuralk-ai.com
Autre	Neuralk-AI	B	Île-de-France	Try API for free	https://www.neuralk-ai.com/careers	+2 data science, +2 dataset, +2 embedding, +2 open-source	www.neuralk-ai.com
Autre	Neuralk-AI	B	Île-de-France	Integration Guides	https://www.neuralk-ai.com/integration-guides	+2 data science, +2 dataset, +2 embedding, +2 open-source	www.neuralk-ai.com
Ops / Infra / QA	Neuralk-AI	B	Île-de-France	Data Security Overview	https://www.neuralk-ai.com/data-security-overview	+2 data science, +2 dataset, +2 embedding, +2 open-source	www.neuralk-ai.com
Autre	Neuralk-AI	B	Île-de-France	Documentation	https://docs.neuralk-ai.com/	+2 data science, +2 dataset, +2 embedding, +2 open-source	www.neuralk-ai.com
Autre	Neuralk-AI	B	Île-de-France	Pricing	https://www.neuralk-ai.com/pricing	+2 data science, +2 dataset, +2 embedding, +2 open-source	www.neuralk-ai.com
Autre	Neuralk-AI	B	Île-de-France	Tabular Talks	https://www.neuralk-ai.com/tabular-talks	+2 data science, +2 dataset, +2 embedding, +2 open-source	www.neuralk-ai.com
Autre	Neuralk-AI	B	Île-de-France	Careers	https://www.neuralk-ai.com/careers	+2 data science, +2 dataset, +2 embedding, +2 open-source	www.neuralk-ai.com
Autre	Neuralk-AI	B	Île-de-France	Reach out	https://www.neuralk-ai.com/contact	+2 data science, +2 dataset, +2 embedding, +2 open-source	www.neuralk-ai.com
Autre	Neuralk-AI	B	Île-de-France	Privacy Policy	https://www.neuralk-ai.com/privacy-policy	+2 data science, +2 dataset, +2 embedding, +2 open-source	www.neuralk-ai.com
Autre	Neuralk-AI	B	Île-de-France	Terms & Conditions	https://www.neuralk-ai.com/terms-conditions	+2 data science, +2 dataset, +2 embedding, +2 open-source	www.neuralk-ai.com
Autre	Heuritech	A	Île-de-France	Welcome to the jungle logo	https://www.welcometothejungle.com/en/	+2 computer vision, +2 machine learning, +2 PhD, +2 dataset	https://heuritech.com/
Autre	Heuritech	A	Île-de-France	Find a job	https://www.welcometothejungle.com/en/authenticate/signup	+2 computer vision, +2 machine learning, +2 PhD, +2 dataset	https://heuritech.com/
Autre	Heuritech	A	Île-de-France	Explore companies	https://www.welcometothejungle.com/en/companies	+2 computer vision, +2 machine learning, +2 PhD, +2 dataset	https://heuritech.com/
Autre	Heuritech	A	Île-de-France	Candidate resources	https://www.welcometothejungle.com/en/media	+2 computer vision, +2 machine learning, +2 PhD, +2 dataset	https://heuritech.com/
Autre	Heuritech	A	Île-de-France	Recruiter resources	https://solutions.welcometothejungle.com/en/resources	+2 computer vision, +2 machine learning, +2 PhD, +2 dataset	https://heuritech.com/
Autre	Heuritech	A	Île-de-France	AI Candidate Coach	https://contact.welcometothejungle.com/candidate-coach-en	+2 computer vision, +2 machine learning, +2 PhD, +2 dataset	https://heuritech.com/
Autre	Heuritech	A	Île-de-France	I'm a recruiter	https://solutions.welcometothejungle.com/en/?utm_source=welcometothejungle.com&utm_medium=referral&utm_campaign=cta_become_customer_header	+2 computer vision, +2 machine learning, +2 PhD, +2 dataset	https://heuritech.com/
Autre	Heuritech	A	Île-de-France	Sign in	https://www.welcometothejungle.com/en/authenticate/signin?redirect=%2F	+2 computer vision, +2 machine learning, +2 PhD, +2 dataset	https://heuritech.com/
Autre	Heuritech	A	Île-de-France	Explore companies	https://www.welcometothejungle.com/en/companies	+2 computer vision, +2 machine learning, +2 PhD, +2 dataset	https://heuritech.com/
Autre	Heuritech	A	Île-de-France	AI Candidate Coach	https://contact.welcometothejungle.com/candidate-coach-en	+2 computer vision, +2 machine learning, +2 PhD, +2 dataset	https://heuritech.com/
Autre	Heuritech	A	Île-de-France	Need help?	https://help.welcometothejungle.com/en/im-a-candidate	+2 computer vision, +2 machine learning, +2 PhD, +2 dataset	https://heuritech.com/
Sales / Business	Heuritech	A	Île-de-France	Have an account? Log in	https://www.welcometothejungle.com/en/authenticate/signin	+2 computer vision, +2 machine learning, +2 PhD, +2 dataset	https://heuritech.com/
Autre	Heuritech	A	Île-de-France	Welcome Hiring Suite	https://solutions.welcometothejungle.com/en/	+2 computer vision, +2 machine learning, +2 PhD, +2 dataset	https://heuritech.com/
Marketing / Growth	Heuritech	A	Île-de-France	Employer branding	https://solutions.welcometothejungle.com/en/employer-brand	+2 computer vision, +2 machine learning, +2 PhD, +2 dataset	https://heuritech.com/
Autre	Heuritech	A	Île-de-France	Pricing	https://solutions.welcometothejungle.com/en/pricing	+2 computer vision, +2 machine learning, +2 PhD, +2 dataset	https://heuritech.com/
Ops / Infra / QA	Heuritech	A	Île-de-France	Clients' testimonials	https://solutions.welcometothejungle.com/en/case-study	+2 computer vision, +2 machine learning, +2 PhD, +2 dataset	https://heuritech.com/
Autre	Heuritech	A	Île-de-France	Resources	https://solutions.welcometothejungle.com/en/resources	+2 computer vision, +2 machine learning, +2 PhD, +2 dataset	https://heuritech.com/
Autre	Heuritech	A	Île-de-France	Need help?	https://help.welcometothejungle.com/en/im-a-client	+2 computer vision, +2 machine learning, +2 PhD, +2 dataset	https://heuritech.com/
Sales / Business	Heuritech	A	Île-de-France	Have an account? Log in	https://myaccount.welcometothejungle.com/signin	+2 computer vision, +2 machine learning, +2 PhD, +2 dataset	https://heuritech.com/
Autre	Heuritech	A	Île-de-France	Our concept and story	https://about.welcometothejungle.com/	+2 computer vision, +2 machine learning, +2 PhD, +2 dataset	https://heuritech.com/
Autre	Heuritech	A	Île-de-France	We're hiring	https://www.welcometothejungle.com/en/companies/wttj	+2 computer vision, +2 machine learning, +2 PhD, +2 dataset	https://heuritech.com/
Autre	Heuritech	A	Île-de-France	Legal notice	https://www.welcometothejungle.com/en/pages/legal	+2 computer vision, +2 machine learning, +2 PhD, +2 dataset	https://heuritech.com/
Autre	Heuritech	A	Île-de-France	Terms of service	https://www.welcometothejungle.com/en/pages/terms	+2 computer vision, +2 machine learning, +2 PhD, +2 dataset	https://heuritech.com/
Autre	Heuritech	A	Île-de-France	Legal center	https://wttj.notion.site/legal-hub	+2 computer vision, +2 machine learning, +2 PhD, +2 dataset	https://heuritech.com/
Dev / Engineering	PROPHESEE	A	Île-de-France	Digital IC Verification EngineerHardware·Paris	https://careers.prophesee.ai/jobs/7389549-digital-ic-verification-engineer	+2 computer vision, +2 computer-vision, +2 dataset	https://www.prophesee.ai
Dev / Engineering	PROPHESEE	A	Île-de-France	Digital IC/ASIC Design EngineerHardware·Paris	https://careers.prophesee.ai/jobs/7377229-digital-ic-asic-design-engineer	+2 computer vision, +2 computer-vision, +2 dataset	https://www.prophesee.ai
Sales / Business	Araïko (Cynapps)	B	Auvergne-Rhône-Alpes	01Business Developer Senior : Conseil & projets IA (H/F)	https://www.welcometothejungle.com/fr/companies/araiko-ai/jobs/business-developer-spe-conseil-projets-ia-h-f_lyon?q=91b0bcfb6489529339c876d6fec37ea0&o=afbb60b2-ce85-4311-8ecb-08e4649dd2c7	+2 data science, +2 GPU, +2 chercheur, +2 transformer	http://araiko.ai
Sales / Business	Araïko (Cynapps)	B	Auvergne-Rhône-Alpes	02Business Developer - Conseil & IA (H/F)	https://www.welcometothejungle.com/fr/companies/araiko-ai/jobs/business-developer-generaliste-h-f_lyon?q=91b0bcfb6489529339c876d6fec37ea0&o=b13c59db-d41b-45d7-87cd-5b66d9e5dd93	+2 data science, +2 GPU, +2 chercheur, +2 transformer	http://araiko.ai
Sales / Business	Araïko (Cynapps)	B	Auvergne-Rhône-Alpes	03Business Developer- activité Conseil (H/F)	https://www.welcometothejungle.com/fr/companies/araiko-ai/jobs/business-developer-activite-conseil-h-f_lyon?q=91b0bcfb6489529339c876d6fec37ea0&o=93f92ee0-614d-4a02-98ae-a234e065701f	+2 data science, +2 GPU, +2 chercheur, +2 transformer	http://araiko.ai
Autre	QuantCube Technology	B	Île-de-France	About Us	https://www.quant-cube.com/our-story	+2 data science, +2 GPU, +2 dataset	https://www.quant-cube.com
Autre	QuantCube Technology	B	Île-de-France	Privacy Policy	https://www.quant-cube.com/privacy-policy	+2 data science, +2 GPU, +2 dataset	https://www.quant-cube.com
Management / Leadership	QuantCube Technology	B	Île-de-France	Cookie Policy	https://www.quant-cube.com/cookie-policy	+2 data science, +2 GPU, +2 dataset	https://www.quant-cube.com
Autre	QuantCube Technology	B	Île-de-France	Contact Us	https://www.quant-cube.com/contact	+2 data science, +2 GPU, +2 dataset	https://www.quant-cube.com
Dev / Engineering	GEEGLEE	B	Île-de-France	Back-end developer [CDI]	https://90f1e1ca-abc2-4146-a7f6-cb6500044ce5.filesusr.com/ugd/9043b4_60431c23bfc04fe08439b43f9f5f9d0f.pdf	+2 GPU, +2 researcher, +2 dataset, +2 transformer, +2 R&D	https://geeglee.net
Dev / Engineering	GEEGLEE	B	Île-de-France	Front-end developer [CDI]	https://90f1e1ca-abc2-4146-a7f6-cb6500044ce5.filesusr.com/ugd/9043b4_b4a4f363dd764b82953c4b4aa5817dd9.pdf	+2 GPU, +2 researcher, +2 dataset, +2 transformer, +2 R&D	https://geeglee.net
Autre	Arcascience	B	Île-de-France	Send an open application	https://www.arcascience.ai/join-us#JOIN-US-CONTACT	+2 data science, +2 PhD, +2 edge AI, +2 R&D	https://www.arcascience.ai/
Autre	Arcascience	B	Île-de-France	Send an open application	https://www.arcascience.ai/join-us#JOIN-US-CONTACT	+2 data science, +2 PhD, +2 edge AI, +2 R&D	https://www.arcascience.ai/
Autre	Arcascience	B	Île-de-France	Send an open application	https://www.arcascience.ai/join-us#JOIN-US-CONTACT	+2 data science, +2 PhD, +2 edge AI, +2 R&D	https://www.arcascience.ai/
Autre	Akur8	B	Île-de-France	New partner🤝  Akur8 Launches Guidewire Marketplace Accelerator for Deploy,  Its Modern External Rating Engine	https://www.akur8.com/news	+2 machine learning, +2 data science	www.akur8.com
Dev / Engineering	Akur8	B	Île-de-France	Engineering0 open positions	https://www.akur8.com/teams/engineering	+2 machine learning, +2 data science	www.akur8.com
IA / ML / Data Science	Akur8	B	Île-de-France	Actuarial Data Science0 open positions	https://www.akur8.com/teams/actuarial-data-science	+2 machine learning, +2 data science	www.akur8.com
Sales / Business	Akur8	B	Île-de-France	Sales0 open positions	https://www.akur8.com/teams/sales-partnerships	+2 machine learning, +2 data science	www.akur8.com
Product / Design	Akur8	B	Île-de-France	Product0 open positions	https://www.akur8.com/teams/product	+2 machine learning, +2 data science	www.akur8.com
Product / Design	Akur8	B	Île-de-France	Design0 open positions	https://www.akur8.com/teams/design	+2 machine learning, +2 data science	www.akur8.com
Marketing / Growth	Akur8	B	Île-de-France	Marketing0 open positions	https://www.akur8.com/teams/marketing	+2 machine learning, +2 data science	www.akur8.com
RH / People	Akur8	B	Île-de-France	People, Finance & Legal0 open positions	https://www.akur8.com/teams/hr-legal-finance	+2 machine learning, +2 data science	www.akur8.com
Ops / Infra / QA	Akur8	B	Île-de-France	Cloud Ops, IT & Security0 open positions	https://www.akur8.com/teams/it-operations	+2 machine learning, +2 data science	www.akur8.com
Dev / Engineering	Akur8	B	Île-de-France	Partnerships & Corporate Development0 open positions	https://www.akur8.com/teams/partnerships-corporate-development	+2 machine learning, +2 data science	www.akur8.com
Ops / Infra / QA	MISTRAL AI	B	Île-de-France	AI CloudInfrastructure de pointe pour l’entraînement et l’inférence.	https://mistral.ai/fr/products/aicloud/	+2 fine-tuning, +2 nos modèles	https://mistral.ai/fr/
Autre	MISTRAL AI	B	Île-de-France	Overview	https://mistral.ai/fr/solutions/	+2 fine-tuning, +2 nos modèles	https://mistral.ai/fr/
Autre	MISTRAL AI	B	Île-de-France	L'énergie et les services publics	https://mistral.ai/fr/industry/energy/	+2 fine-tuning, +2 nos modèles	https://mistral.ai/fr/
Autre	MISTRAL AI	B	Île-de-France	Mistral OCR 4	https://mistral.ai/fr/news/ocr-4/	+2 fine-tuning, +2 nos modèles	https://mistral.ai/fr/
Autre	MISTRAL AI	B	Île-de-France	Recherche agentique. Des résultats plus précis et plus efficaces pour vos systèmes d’IA.	https://mistral.ai/fr/news/agentic-search	+2 fine-tuning, +2 nos modèles	https://mistral.ai/fr/
Ops / Infra / QA	MISTRAL AI	B	Île-de-France	Inférence en région, modèles ouverts et nouvelle infrastructure européenne pour une IA souveraine.	https://mistral.ai/fr/news/regional-inference-open-models-new-compute	+2 fine-tuning, +2 nos modèles	https://mistral.ai/fr/
Autre	MISTRAL AI	B	Île-de-France	Introducing Shieldstral.	https://mistral.ai/fr/news/shieldstral	+2 fine-tuning, +2 nos modèles	https://mistral.ai/fr/
Ops / Infra / QA	MISTRAL AI	B	Île-de-France	AI CloudInfrastructure de pointe pour l’entraînement et l’inférence.	https://mistral.ai/fr/products/aicloud/	+2 fine-tuning, +2 nos modèles	https://mistral.ai/fr/
Autre	MISTRAL AI	B	Île-de-France	Overview	https://mistral.ai/fr/solutions/	+2 fine-tuning, +2 nos modèles	https://mistral.ai/fr/
Autre	MISTRAL AI	B	Île-de-France	L'énergie et les services publics	https://mistral.ai/fr/industry/energy/	+2 fine-tuning, +2 nos modèles	https://mistral.ai/fr/
Autre	MISTRAL AI	B	Île-de-France	Mistral OCR 4	https://mistral.ai/fr/news/ocr-4/	+2 fine-tuning, +2 nos modèles	https://mistral.ai/fr/
Autre	MISTRAL AI	B	Île-de-France	Recherche agentique. Des résultats plus précis et plus efficaces pour vos systèmes d’IA.	https://mistral.ai/fr/news/agentic-search	+2 fine-tuning, +2 nos modèles	https://mistral.ai/fr/
Ops / Infra / QA	MISTRAL AI	B	Île-de-France	Inférence en région, modèles ouverts et nouvelle infrastructure européenne pour une IA souveraine.	https://mistral.ai/fr/news/regional-inference-open-models-new-compute	+2 fine-tuning, +2 nos modèles	https://mistral.ai/fr/
Autre	MISTRAL AI	B	Île-de-France	Introducing Shieldstral.	https://mistral.ai/fr/news/shieldstral	+2 fine-tuning, +2 nos modèles	https://mistral.ai/fr/
IA / ML / Data Science	MISTRAL AI	B	Île-de-France	Vibe for Code	https://chat.mistral.ai/code/extensions	+2 fine-tuning, +2 nos modèles	https://mistral.ai/fr/
Autre	MISTRAL AI	B	Île-de-France	Postulez	https://jobs.ashbyhq.com/mistral.ai	+2 fine-tuning, +2 nos modèles	https://mistral.ai/fr/
Autre	MISTRAL AI	B	Île-de-France	Postuler maintenant	https://jobs.ashbyhq.com/mistral.ai	+2 fine-tuning, +2 nos modèles	https://mistral.ai/fr/
Autre	MISTRAL AI	B	Île-de-France	Postulez maintenant	https://jobs.ashbyhq.com/mistral.ai	+2 fine-tuning, +2 nos modèles	https://mistral.ai/fr/
Autre	MISTRAL AI	B	Île-de-France	Compute	https://mistral.ai/fr/products/aicloud/	+2 fine-tuning, +2 nos modèles	https://mistral.ai/fr/
Autre	MISTRAL AI	B	Île-de-France	Mistral pour l'énergie et les services publics	https://mistral.ai/fr/industry/energy/	+2 fine-tuning, +2 nos modèles	https://mistral.ai/fr/
Ops / Infra / QA	Amurabi - opérant sous la marque FairPatterns	B	Île-de-France	Gender equality	https://cdn.prod.website-files.com/65e5de6ef735eb044b38103e/6a68b330fd1198ba85c9e475_AI_Ward_Gender_Equality_Plan.docx.pdf	+2 PhD, +2 researcher	https://www.fairpatterns.com/
Autre	Amurabi - opérant sous la marque FairPatterns	B	Île-de-France	Book a meeting	https://calendar.google.com/calendar/appointments/schedules/AcZssZ3waQWou_-ZJQWcYHjO0mN11stktIVKhzPjN5C-ijs4Y5wx9W8o_-TrSOXbpyMmrpf2Ji85nV3l	+2 PhD, +2 researcher	https://www.fairpatterns.com/
Autre	Amurabi - opérant sous la marque FairPatterns	B	Île-de-France	9 rue des FillesSaint-Thomas, 75002 Paris	https://www.google.com/maps/place//data=!4m2!3m1!1s0x47e66f72443fc0c9:0x2c2d0a81e44b1126?sa=X&ved=1t:8290&ictx=111	+2 PhD, +2 researcher	https://www.fairpatterns.com/
Autre	Amurabi - opérant sous la marque FairPatterns	B	Île-de-France	Terms and Conditions	https://www.fairpatterns.com/resources/jobs	+2 PhD, +2 researcher	https://www.fairpatterns.com/
Autre	Sipearl	B	Île-de-France	TERATEC,	http://www.teratec.eu/	+2 GPU, +2 annotation, +2 inference	www.sipearl.com
Autre	Sipearl	B	Île-de-France	ARCTUR,	https://arctur.si/	+2 GPU, +2 annotation, +2 inference	www.sipearl.com
Autre	Sipearl	B	Île-de-France	SICOS,	http://www.chimiefine-biochimie.fr/Le-SICOS-Biochimie	+2 GPU, +2 annotation, +2 inference	www.sipearl.com
Autre	Sipearl	B	Île-de-France	Uni Roma	https://www.uniroma1.it/en/pagina-strutturale/home	+2 GPU, +2 annotation, +2 inference	www.sipearl.com
Autre	Sipearl	B	Île-de-France	https://www.excellerat.eu/	https://www.excellerat.eu/	+2 GPU, +2 annotation, +2 inference	www.sipearl.com
Autre	Sipearl	B	Île-de-France	https://cordis.europa.eu/project/id/190183836	https://cordis.europa.eu/project/id/190183836	+2 GPU, +2 annotation, +2 inference	www.sipearl.com
Autre	Sipearl	B	Île-de-France	https://www.horizon-europe.gouv.fr/presentation-de-l-eic-accelerateur-29762	https://www.horizon-europe.gouv.fr/presentation-de-l-eic-accelerateur-29762	+2 GPU, +2 annotation, +2 inference	www.sipearl.com
Autre	Sipearl	B	Île-de-France	CINECA,	https://www.cineca.it/en/	+2 GPU, +2 annotation, +2 inference	www.sipearl.com
Autre	Sipearl	B	Île-de-France	Consiglio Naziolane delle richerche	https://www.cnr.it/en	+2 GPU, +2 annotation, +2 inference	www.sipearl.com
Autre	Sipearl	B	Île-de-France	Julich	https://www.fz-juelich.de/en/	+2 GPU, +2 annotation, +2 inference	www.sipearl.com
Autre	Sipearl	B	Île-de-France	Leonardo,	https://www.leonardo.com/en/home	+2 GPU, +2 annotation, +2 inference	www.sipearl.com
Autre	Sipearl	B	Île-de-France	Universitat Bremem	https://www.uni-bremen.de/en/	+2 GPU, +2 annotation, +2 inference	www.sipearl.com
Autre	Sipearl	B	Île-de-France	Jozef Stefan Institute	https://www.ijs.si/ijsw/JSI	+2 GPU, +2 annotation, +2 inference	www.sipearl.com
Autre	Sipearl	B	Île-de-France	http://www.max-centre.eu/	http://www.max-centre.eu/	+2 GPU, +2 annotation, +2 inference	www.sipearl.com
Autre	Sipearl	B	Île-de-France	Semidynamics,	https://semidynamics.com/about-us	+2 GPU, +2 annotation, +2 inference	www.sipearl.com
Autre	Sipearl	B	Île-de-France	Hewlett Packard Entreprise.	https://www.hpe.com/fr/fr/home.html	+2 GPU, +2 annotation, +2 inference	www.sipearl.com
Autre	Sipearl	B	Île-de-France	https://cordis.europa.eu/project/id/101092984	https://cordis.europa.eu/project/id/101092984	+2 GPU, +2 annotation, +2 inference	www.sipearl.com
Autre	Sipearl	B	Île-de-France	FORTH,	https://www.forth.gr/en/home/	+2 GPU, +2 annotation, +2 inference	www.sipearl.com
Autre	Sipearl	B	Île-de-France	https://plasma-pepsc.eu/	https://plasma-pepsc.eu/	+2 GPU, +2 annotation, +2 inference	www.sipearl.com
IA / ML / Data Science	Sipearl	B	Île-de-France	Foundation for Research and Technology – Hellas	http://www.ics.forth.gr/	+2 GPU, +2 annotation, +2 inference	www.sipearl.com
Autre	Sipearl	B	Île-de-France	Exapsys	https://sipearl.com/en/jobs/system-architect-control-trace-debug	+2 GPU, +2 annotation, +2 inference	www.sipearl.com
Autre	Sipearl	B	Île-de-France	Semidynamics Technology Services S.L	https://semidynamics.com/	+2 GPU, +2 annotation, +2 inference	www.sipearl.com
Autre	Sipearl	B	Île-de-France	https://www.riser-project.eu/	https://www.riser-project.eu/	+2 GPU, +2 annotation, +2 inference	www.sipearl.com
IA / ML / Data Science	Sipearl	B	Île-de-France	Foundation for Research and Technology – Hellas (Forth)	https://www.forth.gr/en/home/	+2 GPU, +2 annotation, +2 inference	www.sipearl.com
Autre	Sipearl	B	Île-de-France	Università di Pisa	https://www.unipi.it/	+2 GPU, +2 annotation, +2 inference	www.sipearl.com
Autre	Sipearl	B	Île-de-France	Université de Manchester	https://www.manchester.ac.uk/	+2 GPU, +2 annotation, +2 inference	www.sipearl.com
Autre	Sipearl	B	Île-de-France	Université de Pise	https://www.dii.unipi.it/	+2 GPU, +2 annotation, +2 inference	www.sipearl.com
Autre	Sipearl	B	Île-de-France	Terms & Conditions	https://sipearl.com/terms-conditions-privacy-sipearl	+2 GPU, +2 annotation, +2 inference	www.sipearl.com
Management / Leadership	Sipearl	B	Île-de-France	Cookies Policy	https://sipearl.com/sipearl-cookie-policy	+2 GPU, +2 annotation, +2 inference	www.sipearl.com
Autre	Blix	B	Île-de-France	Contact Us	https://www.joinblix.com#contactus	+2 GPU, +2 dataset	http://joinblix.com
Autre	Blix	B	Île-de-France	About Us	https://www.joinblix.com#aboutus	+2 GPU, +2 dataset	http://joinblix.com
Autre	webdrone	B	Bourgogne-Franche-Comté	Passer au contenu	https://www.webdrone.fr/fr/nous-rejoindre/#content	+2 PhD, +2 transformer, +2 entraîné	http://www.webdrone.fr
Ops / Infra / QA	webdrone	B	Bourgogne-Franche-Comté	CYBERSURVEILLANCE EXTERNEProtégez vos actifs stratégiques contre les menaces externes	https://www.webdrone.fr/fr/topic-monitoring-2/	+2 PhD, +2 transformer, +2 entraîné	http://www.webdrone.fr
Autre	webdrone	B	Bourgogne-Franche-Comté	INVESTIGATIONS DIGITALES & FRAUDESScorez l'empreinte numérique d'une personne physique ou morale	https://www.webdrone.fr/fr/online-profiling/	+2 PhD, +2 transformer, +2 entraîné	http://www.webdrone.fr
Product / Design	webdrone	B	Bourgogne-Franche-Comté	PROTECTION DES VENTESProtégez vos canaux de vente contre le commerce illicite	https://www.webdrone.fr/fr/brand-product-protection-2/	+2 PhD, +2 transformer, +2 entraîné	http://www.webdrone.fr
Autre	webdrone	B	Bourgogne-Franche-Comté	ANTI-PIRATERIEMettez fin à l'utilisation frauduleuse des logiciels et droits d'auteurs	https://www.webdrone.fr/fr/anti-piracy-webdrone/	+2 PhD, +2 transformer, +2 entraîné	http://www.webdrone.fr
Autre	webdrone	B	Bourgogne-Franche-Comté	RESSOURCES	https://www.webdrone.fr/fr/ressources/	+2 PhD, +2 transformer, +2 entraîné	http://www.webdrone.fr
Autre	webdrone	B	Bourgogne-Franche-Comté	A PROPOS	https://www.webdrone.fr/fr/a-propos/	+2 PhD, +2 transformer, +2 entraîné	http://www.webdrone.fr
Autre	webdrone	B	Bourgogne-Franche-Comté	PARLER À UN EXPERT	https://www.webdrone.fr/fr/contactez-nous/	+2 PhD, +2 transformer, +2 entraîné	http://www.webdrone.fr
Autre	webdrone	B	Bourgogne-Franche-Comté	Français	https://www.webdrone.fr/fr/nous-rejoindre/#pll_switcher	+2 PhD, +2 transformer, +2 entraîné	http://www.webdrone.fr
Autre	webdrone	B	Bourgogne-Franche-Comté	English	https://www.webdrone.fr/en/work-with-us/	+2 PhD, +2 transformer, +2 entraîné	http://www.webdrone.fr
Autre	webdrone	B	Bourgogne-Franche-Comté	Français	https://www.webdrone.fr/fr/nous-rejoindre/	+2 PhD, +2 transformer, +2 entraîné	http://www.webdrone.fr
Ops / Infra / QA	webdrone	B	Bourgogne-Franche-Comté	CYBERSURVEILLANCE EXTERNE	https://www.webdrone.fr/fr/topic-monitoring-2/	+2 PhD, +2 transformer, +2 entraîné	http://www.webdrone.fr
Autre	webdrone	B	Bourgogne-Franche-Comté	INVESTIGATIONS	https://www.webdrone.fr/fr/online-profiling/	+2 PhD, +2 transformer, +2 entraîné	http://www.webdrone.fr
Autre	webdrone	B	Bourgogne-Franche-Comté	PROTECTION DES ACTIFS	https://www.webdrone.fr/fr/brand-product-protection-2/	+2 PhD, +2 transformer, +2 entraîné	http://www.webdrone.fr
Autre	webdrone	B	Bourgogne-Franche-Comté	ANTI-PIRATERIE	https://www.webdrone.fr/fr/anti-piracy-webdrone/	+2 PhD, +2 transformer, +2 entraîné	http://www.webdrone.fr
Autre	webdrone	B	Bourgogne-Franche-Comté	RESSOURCES	https://www.webdrone.fr/fr/ressources/	+2 PhD, +2 transformer, +2 entraîné	http://www.webdrone.fr
Autre	webdrone	B	Bourgogne-Franche-Comté	À PROPOS	https://www.webdrone.fr/fr/a-propos/	+2 PhD, +2 transformer, +2 entraîné	http://www.webdrone.fr
Autre	webdrone	B	Bourgogne-Franche-Comté	PARLER À UN EXPERT	https://www.webdrone.fr/fr/contactez-nous/	+2 PhD, +2 transformer, +2 entraîné	http://www.webdrone.fr
Sales / Business	webdrone	B	Bourgogne-Franche-Comté	Administrateur Webdrone	https://www.webdrone.fr/fr/author/2tc1uo641n8jwc27b908/	+2 PhD, +2 transformer, +2 entraîné	http://www.webdrone.fr
Product / Design	webdrone	B	Bourgogne-Franche-Comté	BRAND & PRODUCT PROTECTION	https://www.webdrone.fr/brand-product-protection/	+2 PhD, +2 transformer, +2 entraîné	http://www.webdrone.fr
Ops / Infra / QA	webdrone	B	Bourgogne-Franche-Comté	EXTERNAL CYBERSURVEILLANCE	https://www.webdrone.fr/topic-monitoring/	+2 PhD, +2 transformer, +2 entraîné	http://www.webdrone.fr
Autre	webdrone	B	Bourgogne-Franche-Comté	ANTI-PIRACY	https://www.webdrone.fr/anti-piracy/	+2 PhD, +2 transformer, +2 entraîné	http://www.webdrone.fr
Autre	webdrone	B	Bourgogne-Franche-Comté	INVESTIGATIONS & ONLINE PROFILING	https://www.webdrone.fr/investigations/	+2 PhD, +2 transformer, +2 entraîné	http://www.webdrone.fr
Autre	webdrone	B	Bourgogne-Franche-Comté	PROTECTION DE LA MARQUE	https://www.webdrone.fr/fr/brand-product-protection-2/	+2 PhD, +2 transformer, +2 entraîné	http://www.webdrone.fr
Ops / Infra / QA	webdrone	B	Bourgogne-Franche-Comté	CYBERSURVEILLANCE EXTERNE	https://www.webdrone.fr/fr/topic-monitoring-2/	+2 PhD, +2 transformer, +2 entraîné	http://www.webdrone.fr
Autre	webdrone	B	Bourgogne-Franche-Comté	ANTI-PIRATERIE	https://www.webdrone.fr/fr/anti-piracy-webdrone/	+2 PhD, +2 transformer, +2 entraîné	http://www.webdrone.fr
Autre	webdrone	B	Bourgogne-Franche-Comté	INVESTIGATIONS & ONLINE PROFILING	https://www.webdrone.fr/fr/online-profiling/	+2 PhD, +2 transformer, +2 entraîné	http://www.webdrone.fr
Autre	webdrone	B	Bourgogne-Franche-Comté	COMPANY	https://www.webdrone.fr/about/	+2 PhD, +2 transformer, +2 entraîné	http://www.webdrone.fr
Ops / Infra / QA	webdrone	B	Bourgogne-Franche-Comté	QUALITY & ETHICS CHARTER	https://www.webdrone.fr/quality-ethic-charter/	+2 PhD, +2 transformer, +2 entraîné	http://www.webdrone.fr
Autre	webdrone	B	Bourgogne-Franche-Comté	WORK WITH US	https://www.webdrone.fr/work-with-us/	+2 PhD, +2 transformer, +2 entraîné	http://www.webdrone.fr
Autre	webdrone	B	Bourgogne-Franche-Comté	NOTRE ENTREPRISE	https://www.webdrone.fr/fr/a-propos/	+2 PhD, +2 transformer, +2 entraîné	http://www.webdrone.fr
Autre	webdrone	B	Bourgogne-Franche-Comté	CHARTE QUALITÉ & ÉTHIQUE	https://www.webdrone.fr/fr/charte-qualite-ethique/	+2 PhD, +2 transformer, +2 entraîné	http://www.webdrone.fr
Autre	webdrone	B	Bourgogne-Franche-Comté	NOUS REJOINDRE	https://www.webdrone.fr/fr/nous-rejoindre/	+2 PhD, +2 transformer, +2 entraîné	http://www.webdrone.fr
Autre	webdrone	B	Bourgogne-Franche-Comté	REQUEST A DEMO	https://www.webdrone.fr/contact-us/	+2 PhD, +2 transformer, +2 entraîné	http://www.webdrone.fr
Autre	webdrone	B	Bourgogne-Franche-Comté	TALK TO AN EXPERT	https://www.webdrone.fr/contact-us/	+2 PhD, +2 transformer, +2 entraîné	http://www.webdrone.fr
Autre	webdrone	B	Bourgogne-Franche-Comté	DEMANDER UNE DÉMO	https://www.webdrone.fr/fr/contactez-nous/	+2 PhD, +2 transformer, +2 entraîné	http://www.webdrone.fr
Autre	webdrone	B	Bourgogne-Franche-Comté	RENCONTRER UN EXPERT	https://www.webdrone.fr/fr/contactez-nous/	+2 PhD, +2 transformer, +2 entraîné	http://www.webdrone.fr
Autre	webdrone	B	Bourgogne-Franche-Comté	Politique de confidentialité	https://www.webdrone.fr/fr/politique-de-confidentialite/	+2 PhD, +2 transformer, +2 entraîné	http://www.webdrone.fr
Autre	webdrone	B	Bourgogne-Franche-Comté	Mentions Légales	https://www.webdrone.fr/fr/mentions-legales/	+2 PhD, +2 transformer, +2 entraîné	http://www.webdrone.fr
Autre	webdrone	B	Bourgogne-Franche-Comté	LinkedIn	https://www.linkedin.com/company/webdrone/	+2 PhD, +2 transformer, +2 entraîné	http://www.webdrone.fr
Autre	webdrone	B	Bourgogne-Franche-Comté	Page load link	https://www.webdrone.fr/fr/nous-rejoindre/	+2 PhD, +2 transformer, +2 entraîné	http://www.webdrone.fr
Product / Design	Bondzai	B	Occitanie	UX Designer	https://www.bondzai.io/2022/04/29/ux-designer/	+2 deep learning, +2 machine learning	www.bondzai.io
Dev / Engineering	Bondzai	B	Occitanie	Engineering: Embedded Software Engineer	https://www.bondzai.io/2022/04/27/engineering-embedded-software-engineer/	+2 deep learning, +2 machine learning	www.bondzai.io
IA / ML / Data Science	Bondzai	B	Occitanie	Engineering: AI Engineer	https://www.bondzai.io/2022/04/27/engineering-ai-engineer/	+2 deep learning, +2 machine learning	www.bondzai.io
Management / Leadership	Bondzai	B	Occitanie	Marketing: CPO	https://www.bondzai.io/2022/04/27/marketing-cpo/	+2 deep learning, +2 machine learning	www.bondzai.io
Marketing / Growth	Bondzai	B	Occitanie	Marketing : CMO	https://www.bondzai.io/2022/04/27/marketing-cmo/	+2 deep learning, +2 machine learning	www.bondzai.io
Autre	Flowlity	B	Île-de-France	Demand Planning	https://www.flowlity.com/solutions/demand-management/demand-planning	+2 machine learning, +2 dataset	www.flowlity.com
Autre	Flowlity	B	Île-de-France	Demand Forecasting	https://www.flowlity.com/solutions/demand-management/demand-planning	+2 machine learning, +2 dataset	www.flowlity.com
Autre	Flowlity	B	Île-de-France	Assortment Planning	https://www.flowlity.com/solutions/revenue-optimization/assortment-planning	+2 machine learning, +2 dataset	www.flowlity.com
Autre	Flowlity	B	Île-de-France	tailor-made for SMBs	https://www.flowlity.com/solutions/flowlity-lite	+2 machine learning, +2 dataset	www.flowlity.com
Autre	Flowlity	B	Île-de-France	Free simulators & calculators	https://www.flowlity.com/resource-hub/tools	+2 machine learning, +2 dataset	www.flowlity.com
Sales / Business	Flowlity	B	Île-de-France	Sales ExecutiveRemoteFull Time	https://www.flowlity.com/careers/salesexecutive	+2 machine learning, +2 dataset	www.flowlity.com
Sales / Business	Flowlity	B	Île-de-France	Customer Success ManagerRemoteFull-time	https://www.flowlity.com/careers/customer-success-manager	+2 machine learning, +2 dataset	www.flowlity.com
Autre	Flowlity	B	Île-de-France	Demand planning	https://www.flowlity.com/solutions/demand-management/demand-planning	+2 machine learning, +2 dataset	www.flowlity.com
Autre	Flowlity	B	Île-de-France	MCP | Flowlity Co-planner	https://www.flowlity.com/tech/mcp-ai-co-planner	+2 machine learning, +2 dataset	www.flowlity.com
Sales / Business	Flowlity	B	Île-de-France	All our customers	https://www.flowlity.com/customers/	+2 machine learning, +2 dataset	www.flowlity.com
Stage / Alternance	Datategy	B	Île-de-France	Datategy Early Careers Program	https://www.datategy.net/datategy-early-careers-program/	+2 machine learning, +2 data science, +2 data scientist	www.datategy.net
Stage / Alternance	Datategy	B	Île-de-France	Datategy Early Careers Program	https://www.datategy.net/datategy-early-careers-program/	+2 machine learning, +2 data science, +2 data scientist	www.datategy.net
Dev / Engineering	Kalray	B	Auvergne-Rhône-Alpes	AI Compiler Engineer	https://www.kalrayinc.com/jobs/ai-compiler-engineer/	+2 machine learning, +2 computer-vision	www.kalrayinc.com
Dev / Engineering	Kalray	B	Auvergne-Rhône-Alpes	AI Kernel Optimization Engineer	https://www.kalrayinc.com/jobs/ai-kernel-optimization-engineer/	+2 machine learning, +2 computer-vision	www.kalrayinc.com
Dev / Engineering	Kalray	B	Auvergne-Rhône-Alpes	Embedded Networking Software Engineer	https://www.kalrayinc.com/jobs/embedded-networking-software-engineer/	+2 machine learning, +2 computer-vision	www.kalrayinc.com
Dev / Engineering	Kalray	B	Auvergne-Rhône-Alpes	AI Runtime / Low-level Software Engineer	https://www.kalrayinc.com/jobs/ai-runtime-low-level-software-engineer/	+2 machine learning, +2 computer-vision	www.kalrayinc.com
Dev / Engineering	Kalray	B	Auvergne-Rhône-Alpes	PCie Driver Engineer	https://www.kalrayinc.com/jobs/pcie-driver-engineer/	+2 machine learning, +2 computer-vision	www.kalrayinc.com
Sales / Business	Kalray	B	Auvergne-Rhône-Alpes	Financial accountant	https://www.kalrayinc.com/jobs/financial-accountant/	+2 machine learning, +2 computer-vision	www.kalrayinc.com
Dev / Engineering	Kalray	B	Auvergne-Rhône-Alpes	Senior Compiler Engineer	https://www.kalrayinc.com/jobs/senior-compiler-engineer/	+2 machine learning, +2 computer-vision	www.kalrayinc.com
Dev / Engineering	Kalray	B	Auvergne-Rhône-Alpes	embedded networking software test & validation engineer	https://www.kalrayinc.com/jobs/embedded-networking-software-test-validation-engineer/	+2 machine learning, +2 computer-vision	www.kalrayinc.com
Autre	Comand AI	B	Île-de-France	View all 40 employees	https://www.linkedin.com/signup/cold-join?session_redirect=https%3A%2F%2Fwww%2Elinkedin%2Ecom%2Fsearch%2Fresults%2Fpeople%2F%3FfacetCurrentCompany%3D%255B91551649%255D&trk=org-employees_cta_face-pile-cta	+2 reinforcement learning, +2 open-source	https://comand.ai/
Autre	Comand AI	B	Île-de-France	Alexandre Berriche	https://fr.linkedin.com/in/berriche?trk=org-employees	+2 reinforcement learning, +2 open-source	https://comand.ai/
Autre	Comand AI	B	Île-de-France	3 Comments	https://www.linkedin.com/signup/cold-join?session_redirect=https%3A%2F%2Fwww%2Elinkedin%2Ecom%2Fcompany%2Fcomand-ai&trk=organization_guest_main-feed-card_social-actions-comments	+2 reinforcement learning, +2 open-source	https://comand.ai/
Autre	Comand AI	B	Île-de-France	11 Comments	https://www.linkedin.com/signup/cold-join?session_redirect=https%3A%2F%2Fwww%2Elinkedin%2Ecom%2Fcompany%2Fcomand-ai&trk=organization_guest_main-feed-card_social-actions-comments	+2 reinforcement learning, +2 open-source	https://comand.ai/
Autre	Comand AI	B	Île-de-France	DelairAviation and Aerospace Component ManufacturingToulouse-Labège, Midi-Pyrénées	https://fr.linkedin.com/company/delair-tech?trk=similar-pages	+2 reinforcement learning, +2 open-source	https://comand.ai/
RH / People	Comand AI	B	Île-de-France	Talent Acquisition Specialist jobs	https://fr.linkedin.com/jobs/acquisition-de-talents-emplois?trk=organization_guest_linkster_link	+2 reinforcement learning, +2 open-source	https://comand.ai/
Autre	Comand AI	B	Île-de-France	Legal Counsel jobs	https://fr.linkedin.com/jobs/conseil-juridique-emplois?trk=organization_guest_linkster_link	+2 reinforcement learning, +2 open-source	https://comand.ai/
IA / ML / Data Science	Comand AI	B	Île-de-France	Researcher jobs	https://fr.linkedin.com/jobs/chercheur-emplois?trk=organization_guest_linkster_link	+2 reinforcement learning, +2 open-source	https://comand.ai/
Sales / Business	Comand AI	B	Île-de-France	Head of Sales jobs	https://fr.linkedin.com/jobs/chef-des-ventes-emplois?trk=organization_guest_linkster_link	+2 reinforcement learning, +2 open-source	https://comand.ai/
RH / People	Comand AI	B	Île-de-France	Recruiter jobs	https://fr.linkedin.com/jobs/recruteur-emplois?trk=organization_guest_linkster_link	+2 reinforcement learning, +2 open-source	https://comand.ai/
Marketing / Growth	Comand AI	B	Île-de-France	Marketing Director jobs	https://fr.linkedin.com/jobs/directeur-marketing-emplois?trk=organization_guest_linkster_link	+2 reinforcement learning, +2 open-source	https://comand.ai/
Autre	Comand AI	B	Île-de-France	Translator jobs	https://fr.linkedin.com/jobs/traducteur-emplois?trk=organization_guest_linkster_link	+2 reinforcement learning, +2 open-source	https://comand.ai/
Ops / Infra / QA	Comand AI	B	Île-de-France	Information Technology Manager jobs	https://fr.linkedin.com/jobs/responsable-informatique-emplois?trk=organization_guest_linkster_link	+2 reinforcement learning, +2 open-source	https://comand.ai/
Dev / Engineering	Comand AI	B	Île-de-France	Architect jobs	https://fr.linkedin.com/jobs/architecte-emplois?trk=organization_guest_linkster_link	+2 reinforcement learning, +2 open-source	https://comand.ai/
IA / ML / Data Science	Comand AI	B	Île-de-France	Research Assistant jobs	https://fr.linkedin.com/jobs/assistant-de-recherche-emplois?trk=organization_guest_linkster_link	+2 reinforcement learning, +2 open-source	https://comand.ai/
Stage / Alternance	kentyou	B	Auvergne-Rhône-Alpes	Internships / Stages en Alternance	https://kentyou.com/2023/09/12/alternance/	+2 data scientist, +2 researcher, +2 open-source, +2 R&D	https://kentyou.com/
Data	kentyou	B	Auvergne-Rhône-Alpes	Data Analyst	https://kentyou.com/2023/08/07/data-analyst/	+2 data scientist, +2 researcher, +2 open-source, +2 R&D	https://kentyou.com/
Dev / Engineering	kentyou	B	Auvergne-Rhône-Alpes	Full-Stack Developer	https://kentyou.com/2023/08/07/full-stack-developer/	+2 data scientist, +2 researcher, +2 open-source, +2 R&D	https://kentyou.com/
Dev / Engineering	kentyou	B	Auvergne-Rhône-Alpes	Java Developer and Platform Engineer	https://kentyou.com/2021/08/20/java-developer/	+2 data scientist, +2 researcher, +2 open-source, +2 R&D	https://kentyou.com/
Autre	Jabu	B	Île-de-France	Se connecter	https://app.jabu-app.com	+2 GPU, +2 dataset	www.jabu-app.fr
Autre	Deepki	B	Île-de-France	Deepki Acquires EVORA Global and Metry, Creating a Global Powerhouse in Real Estate Intelligence →	https://content.deepki.com/hubfs/4.INTERNATIONAL/PDF/Deepki%20Acquires%20Evora%20Global%20and%20Metry.pdf	+2 GPU, +2 PhD, +2 dataset	https://www.deepki.com/
Autre	Deepki	B	Île-de-France	Solutions	https://www.deepki.com/about/careers/	+2 GPU, +2 PhD, +2 dataset	https://www.deepki.com/
Ops / Infra / QA	Deepki	B	Île-de-France	Platform Overview	https://www.deepki.com/platform/	+2 GPU, +2 PhD, +2 dataset	https://www.deepki.com/
Autre	Deepki	B	Île-de-France	AI Capabilities	https://www.deepki.com/platform/ai/	+2 GPU, +2 PhD, +2 dataset	https://www.deepki.com/
Management / Leadership	Deepki	B	Île-de-France	Utility Data Connectors	https://connectors.deepki.com/#/	+2 GPU, +2 PhD, +2 dataset	https://www.deepki.com/
Autre	Deepki	B	Île-de-France	Sustainability Data Management	https://www.deepki.com/data-management/	+2 GPU, +2 PhD, +2 dataset	https://www.deepki.com/
Autre	Deepki	B	Île-de-France	CapEx Planning & Decarbonization	https://www.deepki.com/capex-planning/	+2 GPU, +2 PhD, +2 dataset	https://www.deepki.com/
Autre	Deepki	B	Île-de-France	Reporting & Compliance	https://www.deepki.com/reporting/	+2 GPU, +2 PhD, +2 dataset	https://www.deepki.com/
Autre	Deepki	B	Île-de-France	Embodied Carbon	https://www.nooco.com/en/	+2 GPU, +2 PhD, +2 dataset	https://www.deepki.com/
Autre	Deepki	B	Île-de-France	"""Deepki enables us to directly show and measure the financial impact of ESG measures on an asset’s performance."""	https://www.deepki.com/customers/catella-investment-management-uses-deepki-to-link-sustainability-to-asset-performance/	+2 GPU, +2 PhD, +2 dataset	https://www.deepki.com/
Sales / Business	Deepki	B	Île-de-France	Explore customer story	https://www.deepki.com/customers/catella-investment-management-uses-deepki-to-link-sustainability-to-asset-performance/	+2 GPU, +2 PhD, +2 dataset	https://www.deepki.com/
Sales / Business	Deepki	B	Île-de-France	Property Management	https://www.deepki.com/property-management/	+2 GPU, +2 PhD, +2 dataset	https://www.deepki.com/
Autre	Deepki	B	Île-de-France	Stranded Asset Risk Calculator	https://www.deepki.com/stranded-asset-risk	+2 GPU, +2 PhD, +2 dataset	https://www.deepki.com/
Autre	Deepki	B	Île-de-France	Compliance Map	https://www.deepki.com/stranded-asset-risk/map.php	+2 GPU, +2 PhD, +2 dataset	https://www.deepki.com/
Management / Leadership	Deepki	B	Île-de-France	Building the Future of Real Estate Intelligence: A Conversation with CEO Vincent Bryant	https://www.deepki.com/blog/deepki-acquires-evora-global-metry/	+2 GPU, +2 PhD, +2 dataset	https://www.deepki.com/
Autre	Deepki	B	Île-de-France	Explore more	https://www.deepki.com/blog/deepki-acquires-evora-global-metry/	+2 GPU, +2 PhD, +2 dataset	https://www.deepki.com/
Autre	Deepki	B	Île-de-France	Solutions	https://www.deepki.com/platform/	+2 GPU, +2 PhD, +2 dataset	https://www.deepki.com/
Autre	Deepki	B	Île-de-France	Who we serve	https://www.deepki.com/solutions/	+2 GPU, +2 PhD, +2 dataset	https://www.deepki.com/
Sales / Business	Deepki	B	Île-de-France	Property Management	https://www.deepki.com/property-management/	+2 GPU, +2 PhD, +2 dataset	https://www.deepki.com/
Autre	Deepki	B	Île-de-France	Stranded Asset Risk Calculator	https://www.deepki.com/stranded-asset-risk/?asset=office&country=FR&age=1990_2010&area=8000&report_url=https%3A%2F%2Fwww.deepki.com%2Fstranded-asset-risk%2Freport.php%3Fasset%3Doffice%26country%3DFR%26age%3D1990_2010%26area%3D8000	+2 GPU, +2 PhD, +2 dataset	https://www.deepki.com/
Autre	Deepki	B	Île-de-France	Compliance Map	https://www.deepki.com/stranded-asset-risk/map?isos=MT&markets=Malta&pack_url=https%3A%2F%2Fwww.deepki.com%2Fstranded-asset-risk%2Fpack.php%3Fisos%3DMT	+2 GPU, +2 PhD, +2 dataset	https://www.deepki.com/
Autre	Heex Technologies	B	Île-de-France	Spontaneous Application	https://heex.notion.site/24c54af7e72280d58897c2a52aaaa009	+2 data science, +2 dataset	www.heex.io
Autre	Tilkal	B	Île-de-France	TILKAL SUITE	https://www.tilkal.com/about-tilkal-suite	+2 GPU, +2 dataset	www.tilkal.com
Ops / Infra / QA	Tilkal	B	Île-de-France	TECH & SECURITY	https://www.tilkal.com/tech-and-security	+2 GPU, +2 dataset	www.tilkal.com
Autre	Tilkal	B	Île-de-France	EXPERTISE & SUPPORT	https://www.tilkal.com/expertise-support	+2 GPU, +2 dataset	www.tilkal.com
Autre	Tilkal	B	Île-de-France	TRACEABILITY OPEN CONNECT	https://www.tilkal.com/traceability-open-connect	+2 GPU, +2 dataset	www.tilkal.com
Product / Design	Tilkal	B	Île-de-France	PRODUCT TRACEABILITY	https://www.tilkal.com/product-traceability	+2 GPU, +2 dataset	www.tilkal.com
Autre	Tilkal	B	Île-de-France	RESPONSIBLE SOURCING	https://www.tilkal.com/responsible-sourcing	+2 GPU, +2 dataset	www.tilkal.com
Autre	Tilkal	B	Île-de-France	EUDR COMPLIANCE	https://www.tilkal.com/eudr-compliance	+2 GPU, +2 dataset	www.tilkal.com
Product / Design	Tilkal	B	Île-de-France	DIGITAL PRODUCT PASSPORT	https://www.tilkal.com/digital-product-passports	+2 GPU, +2 dataset	www.tilkal.com
Autre	Tilkal	B	Île-de-France	TIER-N SUPPLIER RISK ANALYSIS	https://www.tilkal.com/tier-n-supplier-risk-analysis	+2 GPU, +2 dataset	www.tilkal.com
Autre	Tilkal	B	Île-de-France	RESOURCES	https://www.tilkal.com/resources-hub	+2 GPU, +2 dataset	www.tilkal.com
Autre	Tilkal	B	Île-de-France	GUIDES & TOOLKITS	https://www.tilkal.com/resources-hub	+2 GPU, +2 dataset	www.tilkal.com
Sales / Business	Tilkal	B	Île-de-France	CUSTOMER STORIES	https://www.tilkal.com/resources-hub	+2 GPU, +2 dataset	www.tilkal.com
Autre	Tilkal	B	Île-de-France	VIDEOS	https://www.tilkal.com/resources-hub	+2 GPU, +2 dataset	www.tilkal.com
Autre	Tilkal	B	Île-de-France	NEWSLETTER	https://www.tilkal.com/newsletter	+2 GPU, +2 dataset	www.tilkal.com
Autre	Tilkal	B	Île-de-France	COMPANY	https://www.tilkal.com/company	+2 GPU, +2 dataset	www.tilkal.com
Autre	Tilkal	B	Île-de-France	CAREERS	https://www.tilkal.com/careers	+2 GPU, +2 dataset	www.tilkal.com
Autre	Tilkal	B	Île-de-France	CONTACT US	https://traceability.tilkal.com/askforademo	+2 GPU, +2 dataset	www.tilkal.com
Autre	Tilkal	B	Île-de-France	Submit open application	https://www.tilkal.com/tilkal-contact	+2 GPU, +2 dataset	www.tilkal.com
Autre	Tilkal	B	Île-de-France	Submit open application	https://www.tilkal.com/tilkal-contact	+2 GPU, +2 dataset	www.tilkal.com
Autre	Tilkal	B	Île-de-France	Tilkal Suite	https://www.tilkal.com/about-tilkal-suite	+2 GPU, +2 dataset	www.tilkal.com
Autre	Tilkal	B	Île-de-France	Connect	https://www.tilkal.com/about-tilkal-suite	+2 GPU, +2 dataset	www.tilkal.com
Autre	Tilkal	B	Île-de-France	Insights	https://www.tilkal.com/about-tilkal-suite	+2 GPU, +2 dataset	www.tilkal.com
Autre	Tilkal	B	Île-de-France	Control Tower	https://www.tilkal.com/about-tilkal-suite	+2 GPU, +2 dataset	www.tilkal.com
Autre	Tilkal	B	Île-de-France	Spotlight DPP	https://www.tilkal.com/about-tilkal-suite	+2 GPU, +2 dataset	www.tilkal.com
Ops / Infra / QA	Tilkal	B	Île-de-France	Tech & security	https://www.tilkal.com/tech-and-security	+2 GPU, +2 dataset	www.tilkal.com
Autre	Tilkal	B	Île-de-France	Entreprise grade	https://www.tilkal.com/tech-and-security	+2 GPU, +2 dataset	www.tilkal.com
Autre	Tilkal	B	Île-de-France	Blockchain network	https://www.tilkal.com/tech-and-security	+2 GPU, +2 dataset	www.tilkal.com
Autre	Tilkal	B	Île-de-France	Expertise & support	https://www.tilkal.com/expertise-support	+2 GPU, +2 dataset	www.tilkal.com
Autre	Tilkal	B	Île-de-France	Traceability Open Connect	https://www.tilkal.com/traceability-open-connect	+2 GPU, +2 dataset	www.tilkal.com
Autre	Tilkal	B	Île-de-France	EUDR compliance	https://www.tilkal.com/eudr-compliance	+2 GPU, +2 dataset	www.tilkal.com
Product / Design	Tilkal	B	Île-de-France	Digital Product Passport	https://www.tilkal.com/digital-product-passports	+2 GPU, +2 dataset	www.tilkal.com
Product / Design	Tilkal	B	Île-de-France	Product tracking	https://www.tilkal.com/product-traceability	+2 GPU, +2 dataset	www.tilkal.com
Autre	Tilkal	B	Île-de-France	Responsible sourcing	https://www.tilkal.com/responsible-sourcing	+2 GPU, +2 dataset	www.tilkal.com
Autre	Tilkal	B	Île-de-France	Tier-N Supplier risk analysis	https://www.tilkal.com/tier-n-supplier-risk-analysis	+2 GPU, +2 dataset	www.tilkal.com
Autre	Tilkal	B	Île-de-France	Use Cases	https://www.tilkal.com/resources-hub	+2 GPU, +2 dataset	www.tilkal.com
Autre	Tilkal	B	Île-de-France	Company	https://www.tilkal.com/company	+2 GPU, +2 dataset	www.tilkal.com
Autre	Tilkal	B	Île-de-France	Careers	https://www.tilkal.com/careers	+2 GPU, +2 dataset	www.tilkal.com
Autre	Tilkal	B	Île-de-France	Contact	https://www.tilkal.com/tilkal-contact	+2 GPU, +2 dataset	www.tilkal.com
Autre	Tilkal	B	Île-de-France	Resources	https://www.tilkal.com/resources-hub	+2 GPU, +2 dataset	www.tilkal.com
Autre	Tilkal	B	Île-de-France	Guides & Toolkits	https://www.tilkal.com/resources-hub	+2 GPU, +2 dataset	www.tilkal.com
Sales / Business	Tilkal	B	Île-de-France	Customer Stories	https://www.tilkal.com/resources-hub	+2 GPU, +2 dataset	www.tilkal.com
Autre	Tilkal	B	Île-de-France	Videos	https://www.tilkal.com	+2 GPU, +2 dataset	www.tilkal.com
Autre	Tilkal	B	Île-de-France	Subscribe to our Newsletter	https://www.tilkal.com/newsletter	+2 GPU, +2 dataset	www.tilkal.com
Autre	Tilkal	B	Île-de-France	Privacy Policy	https://www.tilkal.com/privacy-policy	+2 GPU, +2 dataset	www.tilkal.com
Autre	Tilkal	B	Île-de-France	Terms of Use	https://www.tilkal.com/terms-of-use	+2 GPU, +2 dataset	www.tilkal.com
Autre	Tilkal	B	Île-de-France	Legal Notice	https://www.tilkal.com/legal-notice	+2 GPU, +2 dataset	www.tilkal.com
Autre	datahawk	B	Île-de-France	Book a Demo	https://form.typeform.com/to/ONswQP2l	+2 machine learning, +2 GPU, +2 PhD, +2 dataset	https://datahawk.co/
Autre	datahawk	B	Île-de-France	Book a Demo	https://form.typeform.com/to/ONswQP2l	+2 machine learning, +2 GPU, +2 PhD, +2 dataset	https://datahawk.co/
Autre	Resilience	B	Île-de-France	Book now	https://meetings-eu1.hubspot.com/amina-bellakhdar/rdv-resilience	+2 researcher, +2 dataset	https://resilience.care
Autre	Resilience	B	Île-de-France	Consulter l'infographie	https://resilience.care	+2 researcher, +2 dataset	https://resilience.care
Autre	Outsight	B	Île-de-France	Spontaneous ApplicationAllSan Francisco	https://jobs.lever.co/outsight/14083967-fc44-4564-ab71-da8cd2378ea2	+2 lidar, +2 LiDAR	www.outsight.ai
Autre	Outsight	B	Île-de-France	Spontaneous ApplicationAllParis - Sophia Antipolis	https://jobs.lever.co/outsight/552e966a-4382-45e9-8928-ed86f70724ed	+2 lidar, +2 LiDAR	www.outsight.ai
Autre	Outsight	B	Île-de-France	Spontaneous ApplicationAllSingapore	https://jobs.lever.co/outsight/f720f338-0cbd-4aa7-85bf-ad1836390deb	+2 lidar, +2 LiDAR	www.outsight.ai
IA / ML / Data Science	Outsight	B	Île-de-France	Senior AI & Agentic Backend EngineerApplications & DataPermanentParis	https://jobs.lever.co/outsight/4d7abe31-b57c-4c7c-b1f1-8d1decbbf41d	+2 lidar, +2 LiDAR	www.outsight.ai
Data	Outsight	B	Île-de-France	Senior Data EngineerApplications & DataPermanentParis	https://jobs.lever.co/outsight/98c02b74-b4de-4bcb-942a-4d3d415df335	+2 lidar, +2 LiDAR	www.outsight.ai
Dev / Engineering	Outsight	B	Île-de-France	Senior Frontend EngineerApplications & DataPermanentParis	https://jobs.lever.co/outsight/c5a39006-b745-440e-9f6b-715a368adf6b	+2 lidar, +2 LiDAR	www.outsight.ai
Dev / Engineering	Outsight	B	Île-de-France	Application Operations EngineerField Application EngineeringPermanentParis	https://jobs.lever.co/outsight/54d2e92e-b91d-472f-8e53-6e45dcff211c	+2 lidar, +2 LiDAR	www.outsight.ai
Dev / Engineering	Outsight	B	Île-de-France	Field Application EngineerField Application EngineeringPermanentParis	https://jobs.lever.co/outsight/aa811f51-b8d4-4fa4-b879-afb20b95c076	+2 lidar, +2 LiDAR	www.outsight.ai
Management / Leadership	Outsight	B	Île-de-France	Head of IT & Systems ArchitectureIT & Systems ArchitecturePermanentParis	https://jobs.lever.co/outsight/974428d4-0c32-493a-be74-78d875a49111	+2 lidar, +2 LiDAR	www.outsight.ai
Product / Design	Outsight	B	Île-de-France	Senior Product Manager - Platform & InfrastructureProductPermanentParis	https://jobs.lever.co/outsight/d66021fb-a1d8-4eec-818d-1883a193f525	+2 lidar, +2 LiDAR	www.outsight.ai
Dev / Engineering	Outsight	B	Île-de-France	Unity Software EngineerSimulationPermanentParis	https://jobs.lever.co/outsight/a93f1fe9-8bf0-4908-8e9f-6ed53e5919bb	+2 lidar, +2 LiDAR	www.outsight.ai
Management / Leadership	WeDiagnostiX	B	Île-de-France	Plugin WordPress Cookie par Real Cookie Banner	https://devowl.io/wordpress-real-cookie-banner/	+2 deep learning, +2 annotation, +2 entraîné	https://wediagnostix.ai
Dev / Engineering	One Biosciences	B	Île-de-France	One Biosciences Announces Data Validating New Method for Single-Cell Transcriptomic Tumor Profiling from Clinical Pathology Samples	https://onebiosciences.fr/wp-content/uploads/2026/07/OBS-FFPE-Paper-Release-Final-for-Web.pdf	+2 machine learning, +2 PhD	www.onebiosciences.fr
Autre	Naïo Technologies	B	Occitanie	frFrançais	https://www.naio-technologies.com/rejoindre-naio-technologies/	+2 GPU, +2 PhD	https://www.naio-technologies.com/
Autre	Naïo Technologies	B	Occitanie	enEnglish	https://www.naio-technologies.com/en/join-naio-technologies/	+2 GPU, +2 PhD	https://www.naio-technologies.com/
Autre	Naïo Technologies	B	Occitanie	OzL’ASSISTANT POUR SEMER ET DÉSHERBER EN MARAÎCHAGE ET CULTURES SPÉCIALISÉES	https://www.naio-technologies.com/oz/	+2 GPU, +2 PhD	https://www.naio-technologies.com/
Autre	Naïo Technologies	B	Occitanie	TedLE PREMIER ENJAMBEUR VITICOLE RÉELLEMENT AUTONOME ET POLYVALENT	https://www.naio-technologies.com/ted/	+2 GPU, +2 PhD	https://www.naio-technologies.com/
Autre	Naïo Technologies	B	Occitanie	OrioLE PORTE-OUTILS AUTONOME POUR CULTURES LÉGUMIÈRES ET PÉPINIÈRES	https://www.naio-technologies.com/orio/	+2 GPU, +2 PhD	https://www.naio-technologies.com/
Autre	Naïo Technologies	B	Occitanie	JoLE CHENILLARD AUTONOME POUR VIGNES ÉTROITES, PÉPINIÈRES ET PETITS FRUITS	https://www.naio-technologies.com/jo/	+2 GPU, +2 PhD	https://www.naio-technologies.com/
Autre	Naïo Technologies	B	Occitanie	Contactez-nous	https://www.naio-technologies.com/contactez-nous/	+2 GPU, +2 PhD	https://www.naio-technologies.com/
Autre	Naïo Technologies	B	Occitanie	Autonomie Augmentée	https://www.naio-technologies.com/autonomie-augmentee/	+2 GPU, +2 PhD	https://www.naio-technologies.com/
Autre	Naïo Technologies	B	Occitanie	L’App Naïo	https://www.naio-technologies.com/companion/	+2 GPU, +2 PhD	https://www.naio-technologies.com/
Autre	Naïo Technologies	B	Occitanie	OzL’ASSISTANT POUR SEMER ET DÉSHERBER EN MARAÎCHAGE ET CULTURES SPÉCIALISÉES	https://www.naio-technologies.com/oz/	+2 GPU, +2 PhD	https://www.naio-technologies.com/
Autre	Naïo Technologies	B	Occitanie	TedLE PREMIER ENJAMBEUR VITICOLE RÉELLEMENT AUTONOME ET POLYVALENT	https://www.naio-technologies.com/ted/	+2 GPU, +2 PhD	https://www.naio-technologies.com/
Autre	Naïo Technologies	B	Occitanie	OrioLE PORTE-OUTILS AUTONOME POUR CULTURES LÉGUMIÈRES ET PÉPINIÈRES	https://www.naio-technologies.com/orio/	+2 GPU, +2 PhD	https://www.naio-technologies.com/
Autre	Naïo Technologies	B	Occitanie	JoLE CHENILLARD AUTONOME POUR VIGNES ÉTROITES, PÉPINIÈRES ET PETITS FRUITS	https://www.naio-technologies.com/jo/	+2 GPU, +2 PhD	https://www.naio-technologies.com/
Autre	Naïo Technologies	B	Occitanie	À Propos	https://www.naio-technologies.com/a-propos/	+2 GPU, +2 PhD	https://www.naio-technologies.com/
Autre	Naïo Technologies	B	Occitanie	Événements	https://www.naio-technologies.com/nos-evenements/	+2 GPU, +2 PhD	https://www.naio-technologies.com/
Autre	Naïo Technologies	B	Occitanie	Actualités	https://www.naio-technologies.com/actualites/	+2 GPU, +2 PhD	https://www.naio-technologies.com/
Autre	Naïo Technologies	B	Occitanie	Presse	https://www.naio-technologies.com/presse/	+2 GPU, +2 PhD	https://www.naio-technologies.com/
Autre	Naïo Technologies	B	Occitanie	Formations	https://www.naio-technologies.com/actualite/formations-concernant-nos-robots/	+2 GPU, +2 PhD	https://www.naio-technologies.com/
Autre	Naïo Technologies	B	Occitanie	Recrutement	https://www.naio-technologies.com/rejoindre-naio-technologies/	+2 GPU, +2 PhD	https://www.naio-technologies.com/
Autre	Naïo Technologies	B	Occitanie	Contactez-nous	https://www.naio-technologies.com/contactez-nous/	+2 GPU, +2 PhD	https://www.naio-technologies.com/
Autre	Naïo Technologies	B	Occitanie	Facebook	https://www.facebook.com/NaioTechnologies	+2 GPU, +2 PhD	https://www.naio-technologies.com/
Autre	Naïo Technologies	B	Occitanie	Linkedin	https://www.linkedin.com/company/na-o-technologies	+2 GPU, +2 PhD	https://www.naio-technologies.com/
Autre	Naïo Technologies	B	Occitanie	Instagram	https://www.instagram.com/naiotech	+2 GPU, +2 PhD	https://www.naio-technologies.com/
Autre	Naïo Technologies	B	Occitanie	YouTube	https://www.youtube.com/channel/UCsGYGQ--LELwM0br_dJztUw	+2 GPU, +2 PhD	https://www.naio-technologies.com/
Autre	Naïo Technologies	B	Occitanie	Accueil	https://www.naio-technologies.com/#jstop	+2 GPU, +2 PhD	https://www.naio-technologies.com/
Autre	Naïo Technologies	B	Occitanie	OZL’assistant pour le maraîchageet les cultures spécialisées.Préparation du sol, semis, désherbage.Découvrir Oz	https://www.naio-technologies.com/oz/	+2 GPU, +2 PhD	https://www.naio-technologies.com/
Autre	Naïo Technologies	B	Occitanie	TEDLe seul enjambeur viticole autonome.Entretien de l’inter-rang, désherbage sous le rang, gestion du feuillage.Découvrir Ted	https://www.naio-technologies.com/ted/	+2 GPU, +2 PhD	https://www.naio-technologies.com/
Autre	Naïo Technologies	B	Occitanie	JOLe chenillard des vignes étroites, pépinières & petits fruits.Entretien de l’inter-rang, désherbage sous le rang, gestion du feuillage.Découvrir Jo	https://www.naio-technologies.com/jo/	+2 GPU, +2 PhD	https://www.naio-technologies.com/
Autre	Naïo Technologies	B	Occitanie	ORIOLe porte-outils polyvalent pour les cultures légumières et la pépinière.Préparation du sol, semis, désherbage.Découvrir Orio	https://www.naio-technologies.com/orio/	+2 GPU, +2 PhD	https://www.naio-technologies.com/
Autre	Naïo Technologies	B	Occitanie	Facebook	https://www.facebook.com/NaioTechnologies	+2 GPU, +2 PhD	https://www.naio-technologies.com/
Autre	Naïo Technologies	B	Occitanie	Linkedin	https://www.linkedin.com/company/na-o-technologies	+2 GPU, +2 PhD	https://www.naio-technologies.com/
Autre	Naïo Technologies	B	Occitanie	Instagram	https://www.instagram.com/naiotech	+2 GPU, +2 PhD	https://www.naio-technologies.com/
Autre	Naïo Technologies	B	Occitanie	YouTube	https://www.youtube.com/channel/UCsGYGQ--LELwM0br_dJztUw	+2 GPU, +2 PhD	https://www.naio-technologies.com/
Autre	Naïo Technologies	B	Occitanie	Autonomie Augmentée	https://www.naio-technologies.com/autonomie-augmentee/	+2 GPU, +2 PhD	https://www.naio-technologies.com/
Autre	Naïo Technologies	B	Occitanie	L’App Naïo	https://www.naio-technologies.com/companion/	+2 GPU, +2 PhD	https://www.naio-technologies.com/
Autre	Naïo Technologies	B	Occitanie	À Propos	https://www.naio-technologies.com/a-propos/	+2 GPU, +2 PhD	https://www.naio-technologies.com/
Autre	Naïo Technologies	B	Occitanie	Événements	https://www.naio-technologies.com/nos-evenements/	+2 GPU, +2 PhD	https://www.naio-technologies.com/
Autre	Naïo Technologies	B	Occitanie	Actualités	https://www.naio-technologies.com/actualites/	+2 GPU, +2 PhD	https://www.naio-technologies.com/
Autre	Naïo Technologies	B	Occitanie	Presse	https://www.naio-technologies.com/presse/	+2 GPU, +2 PhD	https://www.naio-technologies.com/
Autre	Naïo Technologies	B	Occitanie	Formations	https://www.naio-technologies.com/actualite/formations-concernant-nos-robots/	+2 GPU, +2 PhD	https://www.naio-technologies.com/
Autre	Naïo Technologies	B	Occitanie	Recrutement	https://www.naio-technologies.com/rejoindre-naio-technologies/	+2 GPU, +2 PhD	https://www.naio-technologies.com/
Autre	Naïo Technologies	B	Occitanie	Contactez-nous	https://www.naio-technologies.com/contactez-nous/	+2 GPU, +2 PhD	https://www.naio-technologies.com/
Autre	Naïo Technologies	B	Occitanie	Index d’égalité professionnelle	https://www.naio-technologies.com/index-degalite-professionnelle-homme-femme/	+2 GPU, +2 PhD	https://www.naio-technologies.com/
Autre	Naïo Technologies	B	Occitanie	Mentions légales	https://www.naio-technologies.com/mentions-legales/	+2 GPU, +2 PhD	https://www.naio-technologies.com/
Marketing / Growth	ScienceOne	B	Île-de-France	Skip to content	https://www.scienceone.eu/careers#primary	+2 researcher, +2 dataset	www.scienceone.eu
Autre	ScienceOne	B	Île-de-France	About Us	https://scienceleadr.com/about/	+2 researcher, +2 dataset	www.scienceone.eu
Autre	ScienceOne	B	Île-de-France	How it Works	https://scienceleadr.com/how-it-works/	+2 researcher, +2 dataset	www.scienceone.eu
Autre	ScienceOne	B	Île-de-France	Top 10 Experts	https://scienceleadr.com/top-kol-ranking/	+2 researcher, +2 dataset	www.scienceone.eu
Autre	ScienceOne	B	Île-de-France	Find Your Profile	https://scienceleadr.com/find-profile/	+2 researcher, +2 dataset	www.scienceone.eu
Autre	ScienceOne	B	Île-de-France	About Us	https://scienceleadr.com/about/	+2 researcher, +2 dataset	www.scienceone.eu
Autre	ScienceOne	B	Île-de-France	How it Works	https://scienceleadr.com/how-it-works/	+2 researcher, +2 dataset	www.scienceone.eu
Autre	ScienceOne	B	Île-de-France	Top 10 Experts	https://scienceleadr.com/top-kol-ranking/	+2 researcher, +2 dataset	www.scienceone.eu
Autre	ScienceOne	B	Île-de-France	Find Your Profile	https://scienceleadr.com/find-profile/	+2 researcher, +2 dataset	www.scienceone.eu
Autre	ScienceOne	B	Île-de-France	Log in	https://scienceleadr.com/wp-login.php	+2 researcher, +2 dataset	www.scienceone.eu
Autre	ScienceOne	B	Île-de-France	About us	https://www.scienceone.eu/about/	+2 researcher, +2 dataset	www.scienceone.eu
Autre	ScienceOne	B	Île-de-France	How it Works	https://www.scienceone.eu/how-it-works/	+2 researcher, +2 dataset	www.scienceone.eu
Autre	ScienceOne	B	Île-de-France	Top 10 Experts	https://www.scienceone.eu/top-kol-ranking/	+2 researcher, +2 dataset	www.scienceone.eu
Management / Leadership	ScienceOne	B	Île-de-France	Expert Directory	https://www.scienceone.eu/membres/	+2 researcher, +2 dataset	www.scienceone.eu
Autre	ScienceOne	B	Île-de-France	Find Your Profile	https://www.scienceone.eu/find-profile/	+2 researcher, +2 dataset	www.scienceone.eu
Autre	ScienceOne	B	Île-de-France	Contact page	https://www.scienceone.eu/contact/	+2 researcher, +2 dataset	www.scienceone.eu
Autre	ScienceOne	B	Île-de-France	LinkedIn	http://www.linkedin.com/company/scienceleadr/	+2 researcher, +2 dataset	www.scienceone.eu
Autre	ScienceOne	B	Île-de-France	Privacy Policy	https://www.scienceone.eu/privacy-policy/	+2 researcher, +2 dataset	www.scienceone.eu
Autre	ScienceOne	B	Île-de-France	Terms of Use	https://www.scienceone.eu/terms-of-use/	+2 researcher, +2 dataset	www.scienceone.eu
Autre	ScienceOne	B	Île-de-France	Terms Of Use	https://scienceleadr.com/terms-of-use/	+2 researcher, +2 dataset	www.scienceone.eu
Autre	ScienceOne	B	Île-de-France	Privacy Policy	https://scienceleadr.com/privacy-policy/	+2 researcher, +2 dataset	www.scienceone.eu
Autre	ScienceOne	B	Île-de-France	Manage options	https://www.scienceone.eu/careers	+2 researcher, +2 dataset	www.scienceone.eu
Autre	ScienceOne	B	Île-de-France	Manage services	https://www.scienceone.eu/careers	+2 researcher, +2 dataset	www.scienceone.eu
Autre	ScienceOne	B	Île-de-France	Manage {vendor_count} vendors	https://www.scienceone.eu/careers	+2 researcher, +2 dataset	www.scienceone.eu
Autre	ScienceOne	B	Île-de-France	Read more about these purposes	https://cookiedatabase.org/tcf/purposes/	+2 researcher, +2 dataset	www.scienceone.eu
Autre	ScienceOne	B	Île-de-France	View preferences	https://www.scienceone.eu/careers	+2 researcher, +2 dataset	www.scienceone.eu
Autre	ScienceOne	B	Île-de-France	{title}	https://www.scienceone.eu/careers	+2 researcher, +2 dataset	www.scienceone.eu
Autre	ScienceOne	B	Île-de-France	{title}	https://www.scienceone.eu/careers	+2 researcher, +2 dataset	www.scienceone.eu
Autre	ScienceOne	B	Île-de-France	{title}	https://www.scienceone.eu/careers	+2 researcher, +2 dataset	www.scienceone.eu
Autre	Hiboo	B	Île-de-France	[email protected]	https://www.notion.so/cdn-cgi/l/email-protection#1973767077346c6a5971707b7676377076	+2 GPU, +2 PhD	https://www.hiboo.io/
Autre	Getmint	B	Île-de-France	[email protected]	https://team.getmint.ai/cdn-cgi/l/email-protection#97fdf8f5e4d7f0f2e3fafef9e3b9f6fe	+2 GPU, +2 PhD	www.getmint.ai/
